{"cameraMode":{"drawMode":0,"name":"Shaded","section":"Shading Mode"},"sceneLighting":false,"audioPlay":false,"sceneViewState":{"showFog":true,"showMaterialUpdate":false,"showSkybox":false,"showFlares":true,"showImageEffects":true,"showParticleSystems":true,"showVisualEffectGraphs":true,"m_FxEnabled":true},"in2DMode":false,"pivot":{"x":-8.741707801818848,"y":1.4242165088653565,"z":-0.09728223085403443},"rotation":{"x":0.3410079777240753,"y":0.009025044739246369,"z":-0.003274475922808051,"w":0.9400272965431213},"size":1.6606600284576417,"orthographic":false}