{"cameraMode":{"drawMode":0,"name":"Shaded","section":"Shading Mode"},"sceneLighting":true,"audioPlay":false,"sceneViewState":{"showFog":true,"showMaterialUpdate":false,"showSkybox":true,"showFlares":true,"showImageEffects":true,"showParticleSystems":true,"showVisualEffectGraphs":true,"m_FxEnabled":true},"in2DMode":false,"pivot":{"x":0.33572831749916079,"y":3.322117805480957,"z":0.8170950412750244},"rotation":{"x":-0.12583595514297486,"y":0.0455247163772583,"z":-0.005799730308353901,"w":-0.9910287261009216},"size":18.788700103759767,"orthographic":false}