{"cameraMode":{"drawMode":0,"name":"Shaded","section":"Shading Mode"},"sceneLighting":true,"audioPlay":false,"sceneViewState":{"showFog":true,"showMaterialUpdate":false,"showSkybox":true,"showFlares":true,"showImageEffects":true,"showParticleSystems":true,"showVisualEffectGraphs":true,"m_FxEnabled":true},"in2DMode":false,"pivot":{"x":-1.095086693763733,"y":0.43015098571777346,"z":1.9110145568847657},"rotation":{"x":0.15684261918067933,"y":-0.011257215403020382,"z":0.001792590832337737,"w":0.9875816106796265},"size":13.72578239440918,"orthographic":false}