{"cameraMode":{"drawMode":0,"name":"Shaded","section":"Shading Mode"},"sceneLighting":true,"audioPlay":false,"sceneViewState":{"showFog":true,"showMaterialUpdate":false,"showSkybox":true,"showFlares":true,"showImageEffects":true,"showParticleSystems":true,"showVisualEffectGraphs":true,"m_FxEnabled":true},"in2DMode":false,"pivot":{"x":-8.966854095458985,"y":1.051421880722046,"z":-0.034117698669433597},"rotation":{"x":-0.12583595514297486,"y":0.0455247163772583,"z":-0.005799730308353901,"w":-0.9910287261009216},"size":6.147106170654297,"orthographic":false}