{"cameraMode":{"drawMode":0,"name":"Shaded","section":"Shading Mode"},"sceneLighting":true,"audioPlay":false,"sceneViewState":{"showFog":true,"showMaterialUpdate":false,"showSkybox":true,"showFlares":true,"showImageEffects":true,"showParticleSystems":true,"showVisualEffectGraphs":true,"m_FxEnabled":true},"in2DMode":false,"pivot":{"x":-10.295650482177735,"y":-1.0126738548278809,"z":8.321420669555664},"rotation":{"x":0.2009623646736145,"y":-0.039072271436452869,"z":0.008032222278416157,"w":0.9788081049919128},"size":7.5728864669799809,"orthographic":false}